{
  "pano_width": 1024,
  "pano_height": 512,
  "left_valid_ratio": 0.6966781616210938,
  "right_valid_ratio": 0.6966781616210938,
  "overlap_ratio": 0.3933563232421875,
  "pose": {
    "left_yaw_deg": 0.0,
    "left_pitch_deg": 0.0,
    "left_roll_deg": 0.0,
    "right_yaw_deg": 180.0,
    "right_pitch_deg": 0.0,
    "right_roll_deg": 0.0
  }
}