{
  "median_left_before": 0.19882746040821075,
  "median_right_before": 0.15989020466804504,
  "ratio_before": 0.8041656033818266,
  "gain_right_to_left": 1.2435249602751153,
  "median_left_after": 0.19882746040821075,
  "median_right_after": 0.19563138484954834,
  "ratio_after": 0.9839253815740513,
  "valid_pixel_count": 314349,
  "skipped": false
}