{
  "left_original_shape": [
    3000,
    4000,
    3
  ],
  "right_original_shape": [
    3000,
    4000,
    3
  ],
  "left_white_balance": {
    "mean_b_before": 0.17695969343185425,
    "mean_g_before": 0.1788122057914734,
    "mean_r_before": 0.1762518584728241,
    "gain_b": 1.0021562576293945,
    "gain_g": 0.9917738437652588,
    "gain_r": 1.006181001663208
  },
  "right_white_balance": {
    "mean_b_before": 0.1760961413383484,
    "mean_g_before": 0.17909321188926697,
    "mean_r_before": 0.1767551600933075,
    "gain_b": 1.006920576095581,
    "gain_g": 0.990070104598999,
    "gain_r": 1.0031663179397583
  },
  "left_neutral_white_balance": {
    "method": "neutral_gray_white_balance",
    "skipped": false,
    "neutral_pixel_count": 3988711,
    "sat_threshold": 30.0,
    "value_low": 23.0,
    "value_high": 153.0,
    "strength": 1.0,
    "mean_b_before": 0.2361268252134323,
    "mean_g_before": 0.24900390207767487,
    "mean_r_before": 0.23279637098312378,
    "gain_b": 1.0134766101837158,
    "gain_g": 0.9610653519630432,
    "gain_r": 1.0279757976531982,
    "mean_b_after": 0.23852001130580902,
    "mean_g_after": 0.2397201955318451,
    "mean_r_after": 0.23751197755336761
  },
  "right_neutral_white_balance": {
    "method": "neutral_gray_white_balance",
    "skipped": false,
    "neutral_pixel_count": 4039082,
    "sat_threshold": 24.0,
    "value_low": 23.0,
    "value_high": 152.0,
    "strength": 1.0,
    "mean_b_before": 0.20605050027370453,
    "mean_g_before": 0.21525174379348755,
    "mean_r_before": 0.20694831013679504,
    "gain_b": 1.0163376331329346,
    "gain_g": 0.9728927612304688,
    "gain_r": 1.0119283199310303,
    "mean_b_after": 0.20843464136123657,
    "mean_g_after": 0.2094532549381256,
    "mean_r_after": 0.20855624973773956
  },
  "green_cast_correction_note": "Applied through masked gray-world and optional neutral-gray channel gains.",
  "left_contrast_stretch": {
    "method": "luma_preserving",
    "p0.2_luma": 0.06696470826864243,
    "p99.8_luma": 0.9723764657974243
  },
  "right_contrast_stretch": {
    "method": "luma_preserving",
    "p0.2_luma": 0.06619608402252197,
    "p99.8_luma": 0.976980447769165
  }
}