{
  "left_circle": {
    "cx": 1947.8446044921875,
    "cy": 1513.075927734375,
    "radius": 1417.02685546875,
    "method": "contour_min_enclosing_circle",
    "contour_area": 5769834.5,
    "enclosing_cx": 1947.8446044921875,
    "enclosing_cy": 1513.075927734375,
    "enclosing_radius": 1417.02685546875,
    "fit_cx": 1956.2361710243258,
    "fit_cy": 1418.3338542082454,
    "fit_radius": 1341.2551868074863
  },
  "right_circle": {
    "cx": 2104.3603515625,
    "cy": 1359.0784912109375,
    "radius": 1446.8856201171875,
    "method": "contour_min_enclosing_circle",
    "contour_area": 6000011.5,
    "enclosing_cx": 2104.3603515625,
    "enclosing_cy": 1359.0784912109375,
    "enclosing_radius": 1446.8856201171875,
    "fit_cx": 2113.5808726949062,
    "fit_cy": 1298.9668319065536,
    "fit_radius": 1355.948058518958
  },
  "radius_shrink_px": 0.0,
  "fit_mode": "enclosing"
}