{
  "pano_width": 4096,
  "pano_height": 2048,
  "left_valid_ratio": 0.6966676712036133,
  "right_valid_ratio": 0.6966676712036133,
  "overlap_ratio": 0.39333534240722656,
  "pose": {
    "left_yaw_deg": 0.0,
    "left_pitch_deg": 0.0,
    "left_roll_deg": 0.0,
    "right_yaw_deg": 180.0,
    "right_pitch_deg": 0.0,
    "right_roll_deg": 0.0
  }
}